57.48,39.43,52.73,73.05,14.76,189.39,4.16,80.78,991.84,25.99,23.17,5.09,21.26,29.06,41.17,15.06,110.17,1.65,72.68,992.85,23.6,15.88,7.54,1.96,13.8,16.8,42.42,15.29,149.11,6.7,74.02,997.08,21.2,70.33,22.76,45.66,43.34,113.2,758.04,16.54,174.04,1.65,69.71,1011.8,54
22.24,9.79,31.72,44.38,4.76,77.44,2.15,69.1,998.67,26.88,23.25,7.96,25.03,37.24,26.69,5.12,219.53,1.69,68.49,999.64,23.6,17.88,18.68,4.59,19.23,26.26,30.43,4.98,210.55,3.91,71.98,1004.5,21.2,103.79,58.07,90.51,58.02,196.49,1301.5,6.22,57.5,1.72,66.53,1018.9,54
91.22,92.92,78.16,73.46,10.83,180.82,2.47,81.11,992.69,33.52,36.05,9.65,38.27,53.07,32.45,11.09,140.3,1.35,74.54,994,23.6,20.37,13.07,2.98,26.67,31.24,35.56,11.16,159.41,4.64,76.17,998.34,21.2,122.7,71.94,130.85,58.26,258.45,2504.9,13.08,191.8,1.71,68.06,1012.9,54
38.14,38.33,49.62,58.31,8.36,246.65,2.75,82.63,989.33,18.44,20.75,7.26,25.06,36.2,38.03,9.05,222.14,1.8,70.02,990.45,23.6,13.72,7.86,3.2,16.54,21.44,40.41,9.07,211.46,5.7,71.92,995.15,21.2,57.06,42.25,54.06,32.51,115.22,667.15,10.68,201.79,1.95,71.05,1009.5,54
60.02,26.6,100.53,51.26,7.55,175.5,1.46,80.39,997.27,43.48,58.88,21.09,48.43,80.76,25.59,8.51,173.37,1.44,67.05,998.74,23.6,20.23,16.75,6.99,32.41,43.12,29.12,8.24,168.17,4.03,72.15,1003.1,21.2,88.1,67.57,77.39,49.4,167.81,1234.7,10,226.77,1.02,74.1,1017.7,54
89.78,47.05,89.04,64.36,11.99,153.55,1.28,85.15,997.71,28.17,43.11,15.95,46.76,71.21,25.64,11.77,168.34,1.25,80.31,999.1,23.6,19.56,14.14,8.1,33.18,45.59,30.28,11.91,169.74,3.5,81.74,1003.5,21.2,86.88,54.84,83.24,62.62,190.41,1151,13.51,223.12,0.98,82.56,1017.7,54
85.75,72.06,116.85,46.84,12.47,174.54,1.28,88.87,990.49,36.46,50.66,15.01,43.2,66.21,20.46,12.63,167.95,1.23,81.57,991.82,23.6,26.55,16.57,8.3,32.68,45.4,24.25,12.71,175.73,3.95,83.31,996.07,21.2,69.18,25.15,57.31,51.87,139.55,728.3,13.52,204.58,1,85.16,1010.4,54
102.51,64.65,111.15,47.9,12.66,169.36,1.23,86.87,990.49,35.94,44.12,17.72,44.91,72.08,20.16,12.46,151.05,1.03,82.36,991.88,23.6,22.98,16.45,12.41,35.64,54.46,22.78,12.41,167.95,3.87,84.46,996.12,21.2,114.88,41.01,86.49,67.23,199.57,1404,13.66,210.45,0.94,84.41,1010.4,54
103.75,52.35,76.45,65.18,13.94,165.88,1.69,81.97,988.16,28.33,36.47,8.18,33.8,46.34,29.46,13.8,165.92,1.6,77.15,989.53,23.6,22.29,13.44,4.17,24.68,31.08,31.11,13.95,170.32,4.85,78.56,993.77,21.2,119.28,31.64,90.37,64.9,203.18,1034.9,15.09,186.74,1.43,76.41,1008.1,54
30.45,7.42,28.45,53,1.65,28.27,2.84,85.1,1005.8,32.02,42.07,7.48,27.78,39.25,27.21,1.67,239.69,1.91,78.36,1006.6,23.6,24.12,14.19,3.66,8.75,14.36,7.35,1.62,217.74,5.72,81.01,1011.5,21.2,73.04,33.61,59.11,62.01,152.45,853.26,4.23,51.45,2.1,83.85,1026,54
28.04,6.38,25.9,57.15,1.21,34.96,2.82,78.32,1001.5,26.06,45.94,8.23,28.22,40.84,28.88,1.1,189.41,1.85,75.04,1002.2,23.6,20.02,12.81,2.85,7.51,11.88,7.69,1.07,124.31,6.02,77.26,1007.1,21.2,70.39,42.03,44.89,43.64,112.32,815.5,3.58,51.16,2.4,77.99,1021.7,54
29.22,22.48,33.28,50.05,2.75,63.07,3.17,77.89,994.57,17.37,12.96,7.43,22.63,34.02,29.5,2.4,301.81,2.25,74.33,995.55,23.6,16.4,11.96,4.02,8.9,15.06,6.93,2.51,316.5,5.81,76.29,1000.4,21.2,121.43,64.28,83.84,69.01,197.28,1397,4.12,53.97,2.59,80.1,1014.5,54
40.04,43.85,53.13,33.64,1.39,271.99,1.7,82.61,997.25,18.71,29.43,12.02,38.1,56.54,16.94,1.55,294.08,1.11,75.04,998.44,23.6,21.92,9.12,9.52,15.29,29.88,5.97,1.08,265.42,1.91,81.62,1003.3,21.2,92.09,45.12,90.96,68.73,207.9,1482,3.39,151.45,1.15,71.89,1017.8,54
85.61,31.92,86.96,56.83,10.27,181.45,1.86,87.5,993.08,18.37,55.79,16.77,46.2,71.91,22.18,10.09,133.97,1.12,83.05,994.5,23.6,28.8,17.23,11.89,18.31,36.55,6.17,10.35,162.5,4.4,87.19,998.72,21.2,110.97,57.48,117.11,70.32,249.51,1745.7,11.99,182.34,1.2,79.09,1013.3,54
47.63,31.13,64.04,62,10.94,188.38,3.21,85.52,987.24,14.52,30,9.41,33.38,47.82,32.88,11.05,109.44,1.19,78.97,988.33,23.6,21.81,16.57,7.59,12.48,24.12,7.08,11.31,149.08,5.34,80.26,992.65,21.2,80.81,37.77,76.44,68.8,185.75,1020.7,12.72,167.07,1.2,76.13,1007.3,54
47.88,24.07,88.82,24.98,4.83,184.16,1.7,97.22,994.88,36.51,39.74,29.2,51.18,95.95,10.27,6.05,143.01,1.13,84.09,995.97,23.6,22.96,14.02,12.2,35.77,52.65,25.83,5.75,158.58,2.82,88.68,1000.5,21.2,66.84,38.7,77.3,48.18,171.27,1230.5,7.56,183.71,0.78,84.13,1015.4,54
84.43,59.15,91.38,54.22,9.49,167.95,1.86,93.04,982.38,29.63,59.31,12.42,37.58,56.63,26.19,9.48,146.27,1.21,86.96,983.6,23.6,27.48,12.36,5.43,23.97,32.29,39.27,9.49,166.43,4.91,89.99,987.95,21.2,94.2,79.34,101.52,53.52,217.16,1873.2,10.7,193.24,1.37,86.43,1002.6,54
19.96,35.46,34.99,46.38,5.35,299.46,3.43,86.36,976.2,17.35,25.18,6.78,27.01,37.4,35.59,5.74,273.07,2.89,76.16,977.44,23.6,9.9,9.83,2.42,14.8,18.52,50.9,5.72,262.2,6.84,79.35,982.16,21.2,148.94,103.81,122.19,57.98,245.01,2574.5,7.22,172.94,2.52,75.86,996.31,54
83.93,71.64,91.01,69.8,7.92,181.3,1.76,80.77,989.99,32.03,52.37,10.54,41.3,57.46,27.07,7.86,123.05,0.86,75.21,991.22,23.6,20.08,17.7,3.55,26.14,31.58,44.16,8.12,162.05,5.24,76.61,995.61,21.2,117.27,64.76,123.52,64.95,236.17,2027.1,10.07,199.18,1.61,66.56,1010.4,54
20.98,12.17,38.82,34.46,5.53,132.62,1.57,98.79,986.6,18.28,28.86,13.77,38.76,59.88,23.29,6.41,129.68,1.4,91.69,987.51,23.6,16.94,8.21,2.41,18.63,22.32,41.92,6.22,122.57,3.04,95.2,992.08,21.2,89.6,27.72,67.01,48.09,150.59,1284.8,7.84,125.57,0.86,92.01,1006.6,54
13,7.42,47.2,33.64,4.67,65.61,2.5,99.96,979.54,19.68,16.26,10.33,30.62,46.46,11.45,5.28,244.08,1.85,91.89,980.6,23.6,14.37,14.37,6.19,20.35,29.83,38.95,5.28,227.74,4.72,95.09,985.15,21.2,74.09,39.62,54.24,44.2,128.49,1040.2,6.64,75.1,2.08,93.69,998.92,54
22.33,4.75,23.92,65.33,1.13,35.68,3.01,85.12,994.74,19.49,16.31,5.85,23.7,32.66,43.43,1.34,266.4,1.91,77.57,995.59,23.6,7.67,17.99,6.08,14.73,23.65,51.54,1.31,287.35,5.69,80.56,1000.7,21.2,91.4,68.65,94.33,53.62,198.15,1662.6,3.55,54.52,2.37,75.68,1015.1,54
24.41,4.05,22.09,68.6,0.15,41.03,3.46,78.65,1005.4,26.4,39.7,12.38,20.86,39.84,50.72,0,257.58,2.03,74.41,1006.4,23.6,16.68,16.08,1.94,13.14,16.12,44.16,-0.04,297.67,6.82,77.7,1011.4,21.2,71.31,54.24,62.42,40.42,135.38,1207.9,2.71,51.18,2.44,69.76,1025.9,54
18.06,9.76,27.67,68.05,0.86,59.28,2.64,78.13,1006,25.91,29.74,6.82,26.98,37.43,49.3,0.7,165.66,1.79,75.63,1006.8,23.6,15.78,31,2.18,16.86,20.2,43.01,0.64,224.77,6.22,78.91,1011.7,21.2,34.93,29.76,29.79,36.06,79.83,656.82,3.9,95.01,1.35,55.06,1026.4,54
16.99,1.92,29.06,53.25,1.94,42.61,1.95,65.45,1003.6,41.38,65.29,12.31,41.21,60.08,42.89,1.74,120.64,1.36,64.08,1004.6,23.6,18.73,51.38,2.87,26.56,30.95,39.62,1.69,89.58,3.92,67.28,1009.4,21.2,45.24,21.46,43.77,36.32,102.1,1089.6,2.86,96.62,0.97,62.77,1024.3,54
29.37,4.38,42.77,37.33,2.74,55.77,1.18,75.52,1007.4,44.38,52.15,11.73,44.2,62.19,32.02,2.43,159.76,0.95,72.3,1008.5,23.6,23.26,37.7,3.33,22.21,27.31,35.45,2.38,106.75,2.14,75.77,1013.2,21.2,79.2,56.74,61.09,50.14,142.93,1369.2,3.39,127.03,0.57,68.84,1028.1,54
27.38,4.08,68.21,32.63,3.89,94.35,1.05,82.12,1008.7,33.13,28.94,10.72,35.71,52.14,29.81,4.24,168.62,0.83,77.33,1009.9,23.6,20.81,17.18,2.85,20.91,25.28,27.9,4.04,172,1.71,80.75,1014.5,21.2,93.02,76.22,85.47,48.45,178.97,1808.3,5.04,112.99,0.49,77.82,1029.4,54
113.18,70.38,78.83,62.53,11.53,167.48,1.28,82.41,994.89,43.82,37.36,11.12,46.17,63.22,34.11,11.21,176.12,1.61,78.1,996.24,23.6,26.44,14,4.48,32.98,39.85,29.99,11.35,174.69,4.22,79.88,1000.5,21.2,60.78,38.83,67.71,51.59,148.74,1610.7,11.7,188.71,1.09,79.95,1015,54
85.66,59.39,54.72,63.96,12.24,155.34,1.51,83.52,991.45,28.52,44.41,7.88,30.73,42.8,43.71,12.08,178.71,2.05,77.8,992.86,23.6,17.93,12.07,3.11,20.74,25.52,35.66,12.27,173.95,5.64,79.3,997.12,21.2,38.11,24.65,45.14,38.12,108.59,1101.2,12.47,180.01,1.39,79.73,1011.7,54
46.91,24.29,27.61,69.81,11.6,137.89,2,81.04,987.18,33.73,33.71,4.94,19.71,27.28,59.72,11.92,173.58,2.47,74.39,988.55,23.6,18.64,8.42,1.01,10.8,12.3,47.58,12.12,172.45,6.88,75.4,992.63,21.2,59.41,27.84,40.89,46.45,109.48,960.18,11.87,170.97,1.97,77.87,1007.1,54
21.29,2.87,22,46.73,5.07,94.57,1.44,85,997.84,27.86,23.39,8.96,30.55,44.29,43.16,5.82,95.4,1.44,78.25,998.78,23.6,17.2,20.77,2.17,15.6,18.86,40.2,5.45,56.19,3.11,82.1,1003.4,21.2,74.75,24.28,43.77,43.74,112.04,844.78,6.48,106.9,1.12,83.15,1018,54
20.45,1.89,24.58,37.35,5.17,84.61,1.31,86.22,999.35,26.13,13.87,15.24,34.25,57.62,38.48,5.03,116.62,1.2,79.92,1000.4,23.6,30.74,28.85,25.64,25.43,64.74,32,4.62,69.73,2.12,83.98,1005,21.2,70.74,40.83,49.78,49.57,128.85,988.26,6.11,110.16,0.85,83.44,1019.6,54
32.44,2.71,31.85,22.71,6.92,117.23,1.14,93.7,998.32,42.14,16.51,16.31,39.59,64.6,29.49,7.09,65.67,1.3,85.26,999.26,23.6,17.44,7.65,3.71,17.48,23.17,31.1,6.67,63.94,2.61,90.12,1003.8,21.2,88.65,62.07,46.98,54.34,129.66,1223.6,7.62,130.34,0.66,88.49,1018.4,54
62.68,35.03,90.76,15.72,9.43,176.36,1.59,95.93,989.68,73.9,35.36,52.19,70.71,150.73,11.85,10.7,143.24,0.97,84.18,990.87,23.6,34.61,9.68,16.96,46.28,72.29,11.39,10.24,143.84,2.13,88.74,995.17,21.2,92.88,60.71,47.02,54.58,130.25,1281,9.95,171.19,0.54,92.61,1009.5,54
27.73,5.69,21.99,45.34,7.04,83.68,1.85,87.7,987.74,55.9,16.51,13.71,28.17,49.19,46.66,7.36,54.03,2.1,80.85,988.29,23.6,24.75,9.37,4.75,14.25,21.53,38.59,7.02,47.14,5.96,84.81,992.72,21.2,108.94,122.67,110.14,62.27,237.08,2358.6,7.98,118.97,1.23,86.36,1007.1,54
9.36,4.73,13.33,58.68,4.39,38.67,3.04,99.94,979.33,15.56,13.36,5.15,20.8,28.7,52.03,4.88,126.06,2.21,93.14,980.07,23.6,14.87,13.01,0.7,13.16,14.24,41.05,4.9,82.49,6.03,95.4,984.51,21.2,130,129.26,128.14,66.76,267.09,2844.1,6.34,75.88,1.79,94.74,998.86,54
20.09,6.01,33.98,34.58,2.38,98.6,1.16,95.06,988.65,19.07,18.06,11.15,33.45,50.54,28.12,2.77,104,0.99,87.62,989.67,23.6,17.09,14.71,3.56,19.13,24.47,27.27,2.67,73.27,1.55,91.43,994.39,21.2,102.83,71.29,93.74,63.89,213.4,1896.6,4.14,79.27,1.01,87.72,1009.1,54
52.17,16.52,62.17,32.24,5.1,152.54,1.23,85.26,992.25,37.77,32.74,13.72,43.21,64.26,30.92,5.53,122.53,1,77.91,993.44,23.6,22.67,10.95,3.76,19.89,25.65,30.4,5.21,110.04,1.74,83.5,997.92,21.2,124.79,96.63,123,71.73,259.78,2425.9,6.41,148.74,0.6,78.72,1012.6,54
40.34,75.13,70.04,45.02,7.73,183.44,2.91,90.42,986.58,32.16,26.99,9.58,40.1,54.79,36.67,8.3,129.25,1.87,83.03,987.58,23.6,19.34,6.98,2.56,22.85,26.78,33.82,8.38,145.44,5.24,84.71,991.85,21.2,76.83,44.53,79.46,68.36,190.28,1431.8,9.71,174.86,1.4,80.8,1006.8,54
22.07,10.76,22.1,39.68,5.01,119.56,1.99,93.22,993.54,23.04,30.08,8.4,28.15,41.04,38.66,5.52,119.3,2.03,84.98,994.42,23.6,19.24,33.64,3.95,20.35,26.4,29.99,5.25,101.79,4.03,89.11,998.91,21.2,61.31,42.54,58.01,56.54,143.1,1226.6,6.65,96.28,1.36,85.06,1013.4,54
23.15,1.91,15.51,47.16,4.02,41.44,3.16,92.75,999.26,28.28,33,7.55,24.9,36.48,39.41,4.4,114.14,2.17,83.24,1000.3,23.6,17.14,29.75,1.69,14.87,17.47,32.75,4.33,96.93,5.66,86.52,1005,21.2,62.76,24.86,26.86,35.71,76.67,942.58,5.75,62.51,1.89,86.98,1019.5,54
29.06,2.16,21.92,50.11,5.07,45.26,1.81,85.22,1001,32.3,24.7,6.92,31.71,42.32,43.45,5.19,158.19,1.28,78.76,1002.1,23.6,19.8,15.54,1.21,13.85,15.26,39.86,5.1,176.64,3.58,82.03,1006.7,21.2,42.03,21.07,44.91,47.12,115.61,1186.3,6.51,72.16,1.2,82.58,1021.3,54
32.51,10.53,32.03,39.75,5.15,136.68,1.06,83.78,997.54,33.55,11.87,6.46,33.47,43.37,54.21,5.85,77.99,1.24,73.98,998.57,23.6,23.38,5.11,2.15,15.74,18.2,40.56,4.87,99.92,1.84,81.59,1003.2,21.2,56.2,33.12,41.78,49.55,114.71,958.87,5.67,133.5,0.66,80.91,1017.9,54
24.58,1.76,12.74,62.24,5.46,55.74,2.18,87.7,994.71,23.76,11.89,5.02,21.02,28.72,61.14,5.71,53.98,2.06,79.55,995.52,23.6,19.03,22.43,0.99,11.95,12.96,47.46,5.69,35,5.06,82.5,1000.1,21.2,88.21,69.74,78.7,55.29,176.55,1586.6,6.96,107.5,1.38,80.3,1014.6,54
26.48,1.47,12.89,55.06,5.76,63.5,1.97,98.48,989.15,29.61,9.53,5.68,20.54,29.25,54.47,6.12,42.36,1.9,89.47,989.95,23.6,20.07,9.53,0.91,7.51,8.34,45.13,6.25,39.84,5.56,91.49,994.44,21.2,107.11,96.34,99.68,68.91,224.67,2117.3,7.7,131.3,1.19,87.04,1008.9,54
18.79,1.59,17.89,49.82,6.36,59.06,1.84,99.4,988.25,24.01,17.76,6.7,28.11,38.39,46.2,6.85,73.74,1.59,92.19,989.1,23.6,18.34,17.8,1.12,12.14,13.4,40.01,6.97,41.21,4.91,94.58,993.55,21.2,73.7,50.04,55.17,51.18,136.58,1423.5,8.42,128.29,1.06,90.58,1008,54
11.38,1.01,15.44,56.07,5.48,45.58,2.18,95.24,991.75,26.21,28.62,5.58,21.05,29.61,49.19,6.04,44.58,2.3,86.09,992.42,23.6,16.08,41.68,1.98,15.27,17.84,36.53,5.95,19.83,5.82,89.68,997,21.2,25.85,15.92,39.2,37.28,94.73,965.02,7.83,69.5,1.69,85.46,1011.4,54
17.41,1.59,15.67,56.24,4.77,57.27,1.67,92.19,987.78,18.51,18.06,5.01,22.22,29.9,53.43,5.02,50.6,1.84,83.78,988.58,23.6,19,38.41,1.11,14.38,15.62,40.97,5.08,34.12,4.27,86.2,993.14,21.2,34.4,24.89,55.25,42.88,125.24,1075.7,6.59,129.11,1.17,81.53,1007.5,54
17.44,4.67,22.14,55.41,0.51,68.13,2.07,95.42,982.97,22.58,21.92,7.85,30.33,42.36,48.36,0.93,183.88,1.61,89.11,983.74,23.6,19.34,13.96,2.7,18.51,21.04,40.53,0.81,171.08,4,91.68,988.72,21.2,46.01,37.23,55.41,50.55,137.1,1191.2,2.91,72.14,1.57,87.82,1003.4,54
26.62,13.12,48.3,41.39,0.08,131.23,1.85,100,985.21,22.88,25.75,17.58,36.18,63.14,45.05,0.78,156.94,1.76,87.92,986.41,23.6,22.85,15.65,4.65,19.1,25.77,38.52,0.41,138.31,4.17,91.47,990.97,21.2,46.15,21.02,44.98,41.55,108.98,1001.4,2.59,130.18,1.28,90.32,1005.8,54
38.81,15.42,34.67,76.97,-2.58,104.75,1.86,79.94,997.45,44.86,35.37,7.74,38.89,50.76,66.07,-2.17,114.22,1.52,65.89,998.69,23.6,15.88,7.54,1.96,13.8,16.8,42.42,15.29,149.11,6.7,74.02,997.08,21.2,55.51,33.29,42.81,49.27,114.77,1170.2,-0.79,106.05,1.31,68.44,1018.9,54
71.14,62.37,71.77,44.65,6.09,172.72,2.27,85.07,987.5,47.45,52.55,14.37,54.21,76.25,41.65,6.58,118.7,1.29,75.26,988.33,23.6,14.92,8.77,1.73,16.89,19.55,41.08,16.49,148.33,5.85,66.49,998.26,21.2,68.31,49.45,37.59,54.61,113.1,1292.7,7.86,166.47,0.86,73.77,1008,54
25.03,1.78,12.93,76.18,4.55,97.84,1.76,98.23,987.24,27.98,8.3,4.64,22.19,29.3,71.61,5.08,45.74,2.03,89.21,988.09,23.6,17.88,18.68,4.59,19.23,26.26,30.43,4.98,210.55,3.91,71.98,1004.5,21.2,48.43,26.78,33.27,42.68,97.61,1072.2,6.62,121.46,1.25,88.51,1007,54
31.81,20.03,43.46,50.85,8.44,190.27,1.88,98.86,981.01,32.54,26.46,11.06,35.83,52.79,45.23,9.75,135.57,1.8,89.51,982.16,23.6,23.18,19.02,11.3,29.74,47.08,22.87,2.94,266.41,3.17,72.61,1008.3,21.2,41.24,29.07,44.71,45.86,118.67,1196.7,9.96,176.87,1.01,91.33,1000.7,54
107.99,50.04,54.88,61.4,14.87,220.41,2.25,75.66,981.13,66.11,41,12.88,35.93,55.68,50.88,15.02,166.02,1.99,67.09,982.72,23.6,37.73,18.99,33.8,40.15,91.98,20.51,5.48,199.03,1.4,69.43,1008.2,21.2,37.57,25.29,39.57,41.62,106.02,888.66,14.21,218.94,1.19,73.7,1000.9,54
93.55,41.61,105.98,27.63,10.03,183.55,1.05,94.58,981.95,96.35,31.44,23.87,55,91.6,31.56,11.36,209.01,1.05,83.72,983.12,23.6,33.62,19.24,10.69,37.9,54.29,21.65,9.06,174.61,3.36,84.98,1005.4,21.2,43.71,28.28,32.59,43.52,96.15,1004.6,10.97,181.5,0.56,92.86,1001.5,54
39.75,15.93,42.37,65.78,9.16,133.47,1.56,81.8,991.86,48.75,53.22,7.07,38.42,49.26,59.5,9.04,180.45,1.24,77.45,993.1,23.6,20.37,13.07,2.98,26.67,31.24,35.56,11.16,159.41,4.64,76.17,998.34,21.2,37.19,17.94,31.36,39.25,89.68,900.19,9.02,141.66,0.99,84.54,1011.9,54
105.36,45.87,149.29,28.03,9.43,188.2,0.99,79.46,993.76,46.4,38.6,10.73,50.09,66.54,47.43,9.66,176.38,0.96,77.81,995.16,23.6,13.72,7.86,3.2,16.54,21.44,40.41,9.07,211.46,5.7,71.92,995.15,21.2,36.33,25.72,28.69,37.56,81.4,879.7,6.62,175.48,0.63,96.42,1014.1,54
83.66,48.82,80.4,55.68,11.41,176.43,0.82,80.05,991.93,36.69,39.96,8,40.08,52.34,52.47,10.31,167.51,1,73.79,993.33,23.6,20.23,16.75,6.99,32.41,43.12,29.12,8.24,168.17,4.03,72.15,1003.1,21.2,38.99,37.66,34.12,41.85,92.31,951.73,8.87,250.46,0.61,89.93,1012.1,54
116.31,52.45,129.12,34.53,12.53,157.75,0.88,79.18,990.22,69.65,52.53,16.24,56.85,81.75,43.92,12.59,151.83,1.02,71.71,991.66,23.6,19.56,14.14,8.1,33.18,45.59,30.28,11.91,169.74,3.5,81.74,1003.5,21.2,49.2,37.96,47.27,44.25,116.1,1081.3,10.99,-265.17,0.46,80.47,1010.2,54
66.56,45.42,54.19,52.29,13.86,223.3,2.09,77.21,982.76,52,32.76,7.91,39.19,51.31,43.97,14.06,181.57,2.01,70.36,984.28,23.6,28.94,19.77,13.9,40.59,61.9,20.39,11.68,167.65,2.42,89.38,1001.3,21.2,53.85,33.16,33.03,49.97,99.47,878.12,13.51,225.1,1.12,78.9,1002.6,54
39.03,32.82,45.47,55.74,12.38,272.12,1.44,79.91,984.71,30.52,25.88,9.89,38.66,53.83,43.03,12.61,224.92,1.17,72.85,986.15,23.6,26.55,16.57,8.3,32.68,45.4,24.25,12.71,175.73,3.95,83.31,996.07,21.2,55.19,54.2,66.33,63,164.11,1278.8,12.65,204.21,0.79,79,1004.5,54
64.83,37.54,143.25,35.19,9.86,181.27,0.81,91.35,987.39,40.16,37.72,11.2,43.59,60.76,42.11,10.98,199.23,1,73.88,988.66,23.6,22.98,16.45,12.41,35.64,54.46,22.78,12.41,167.95,3.87,84.46,996.12,21.2,69.33,42.95,59.2,58.74,149.31,1425.7,10.53,192.98,0.54,86.23,1007.1,54
86.21,55.05,111.06,37.04,10.58,161.36,1.29,83.13,989.32,53.04,38.47,11.38,46.25,63.7,33.66,11.1,149.46,1.23,74.9,990.77,23.6,22.29,13.44,4.17,24.68,31.08,31.11,13.95,170.32,4.85,78.56,993.77,21.2,68.58,32.91,49.87,54.02,131.96,1316.7,10.36,161.42,0.63,83.99,1009.4,54
102.18,106.56,71.27,68.99,15.17,172.57,1.57,71.18,985.75,47.81,35.98,8.1,38.65,51.07,41.94,14.64,138.75,1.01,68.36,987.26,23.6,16.11,8.16,1.48,12.94,15.21,34.56,12.62,170.98,5.32,87.9,991.41,21.2,44.97,26.27,32.76,48.06,95.34,1016.4,14.59,198.46,0.9,74.1,1005.6,54
16.15,2.51,13.3,87.98,4.22,47.52,3.23,98.81,991.77,29.15,11.5,3.74,22.27,28.01,68.09,5.18,36.88,2.93,88.2,992.44,23.6,20.02,12.81,2.85,7.51,11.88,7.69,1.07,124.31,6.02,77.26,1007.1,21.2,89.38,54.83,68.51,66.35,172.82,1817.4,6.71,96.03,2.18,88.22,1011.5,54
28.32,6.64,20.09,70.09,6.64,169.13,1.95,96.76,977.02,31.02,8.58,7.46,29.73,41.17,52.26,6.86,151.21,1.8,89.17,978.08,23.6,16.4,11.96,4.02,8.9,15.06,6.93,2.51,316.5,5.81,76.29,1000.4,21.2,83.77,65.44,73.8,58.43,174.16,1876.1,8.76,179.23,1.31,85.73,996.73,54
11.95,2.17,12.91,71.38,2.11,55.98,2.43,99.25,980.37,17.41,21.82,4.65,21.79,28.92,54.83,2.86,62.01,2.32,91.13,980.94,23.6,21.92,9.12,9.52,15.29,29.88,5.97,1.08,265.42,1.91,81.62,1003.3,21.2,124.43,84.57,93.44,62.61,205.9,2304.6,4.66,66.49,2,90.45,1000.3,54
16.58,0.65,13.38,68.68,3.92,70.96,1.75,99.78,991.2,26.08,16.24,4.01,21.44,27.59,52.88,4.44,61.1,1.78,92.2,991.97,23.6,43.27,12.2,40.62,21.12,83.4,4.69,4.77,160.86,1.83,90.19,1007.5,21.2,79.94,43.27,58.92,61.54,151.62,1237.3,5.99,74.88,1.44,92.55,1011.2,54
71.54,28.84,48.96,63.06,10.36,146.53,1.69,92.01,987.76,84.76,27.69,9.42,37,51.45,44.4,11.28,130.57,1.36,84.1,988.89,23.6,28.8,17.23,11.89,18.31,36.55,6.17,10.35,162.5,4.4,87.19,998.72,21.2,61.8,39.48,67.32,67.48,165.92,1260.8,11.68,173.93,0.95,86.4,1007.5,54
15.92,1.37,14.55,71.39,5.67,65.02,2.03,100,988.38,22.13,14.23,4.68,25.48,32.66,50.91,6.57,99.89,1.94,93.31,989.2,23.6,21.81,16.57,7.59,12.48,24.12,7.08,11.31,149.08,5.34,80.26,992.65,21.2,78.78,44.26,78.56,62.23,182.06,1579.3,8,68.81,1.88,92.37,1007.8,54
32.7,4,22.37,71.36,6.59,54.33,2.48,85.68,988.04,36.85,21.34,5.41,30.48,38.77,58.24,7.33,193.25,1.63,75.82,988.92,23.6,13.63,17.53,6.05,11.14,20.41,7.37,11.86,149.05,5.33,78.86,990.45,21.2,79.85,46.7,89.06,67.26,203.47,1786.8,7.42,70.67,2.05,82.66,1007.9,54
84.99,66.55,99.19,40.79,8.13,165.26,1.53,82.8,995.46,57.3,42.65,11.91,48.33,66.59,48.58,9.26,135.57,1.23,73.22,996.84,23.6,13.46,13.29,5.94,10.9,20.01,6.7,7.45,202.52,3.64,94.77,992.3,21.2,90.54,25.65,45.82,57.65,127.68,1048.6,7.75,-280.96,0.58,82.18,1015.9,54
125.04,56.14,115.63,35.15,12.23,161.21,1.09,74.57,994.1,60.02,49.22,15.32,55.54,79.04,40.26,12.48,150.61,1.19,67.86,995.7,23.6,14.12,12.16,5.18,10.84,18.78,6.41,5.08,256.5,2.26,89.05,1000.2,21.2,33.18,18.38,38.26,40.76,103.34,869.89,11.18,-253.22,0.48,74.6,1014.1,54
29.4,2.07,14.57,91.83,11.69,78.59,1.6,67.99,995.84,21.93,13.82,3.54,28.97,34.4,59.56,12.61,72.64,1.62,58.77,996.9,23.6,22.96,14.02,12.2,35.77,52.65,25.83,5.75,158.58,2.82,88.68,1000.5,21.2,74.8,28.63,68.18,65.57,172.93,1229.1,12.76,85.35,1.66,66.72,1015.1,54
40.51,4.24,23.2,80.94,12.47,86.98,1.72,72.13,993.96,43.46,20.7,6.12,36.1,45.48,40.55,13.59,125.96,1.32,63.01,995.16,23.6,27.48,12.36,5.43,23.97,32.29,39.27,9.49,166.43,4.91,89.99,987.95,21.2,112.64,48.94,76.17,75,194.53,1562.3,13.51,89.46,1.35,70.72,1013.4,54
35.08,1.24,7.56,95.66,16.08,59.15,2.09,81.49,995.76,47.34,15.25,3.19,22.03,26.92,34.43,17.31,106.22,1.56,67.35,996.92,23.6,20.81,17.18,2.85,20.91,25.28,27.9,4.04,172,1.71,80.75,1014.5,21.2,40.81,6.85,25.59,47.02,89.53,668.51,17.75,93.49,1.63,71.26,1014.6,54
31.23,0.82,4.85,101.71,14.83,54.96,2.26,80.98,994.53,31.67,4.94,2.26,17.4,20.87,37,15.79,77.25,1.47,70.58,995.68,23.6,40.78,23.51,28.77,41.45,85.56,9.63,3.33,171.48,1.28,88.23,1011,21.2,79.33,15.89,29.78,50.73,100.32,763.26,16.21,73.51,1.96,76,1013.5,54
28.46,1.08,13.41,93.54,15.91,81.65,1.42,77.21,991.67,41.65,8.04,3.11,24.15,28.92,33.78,15.72,148.18,1.06,75.75,993.06,23.6,35.7,23.69,34.79,44.31,97.65,8.07,5.52,175.95,1.18,94.64,1006,21.2,52.35,8.58,20.94,42.49,76.64,668.67,16.34,106.05,1.15,75.27,1011.1,54
28.24,1,11.54,88.44,13.72,83.79,1.29,87.48,991.24,43.1,4.5,2.18,19.92,23.27,36.23,15.08,90.65,0.91,76.11,992.48,23.6,34.19,20.34,26.16,44.01,84.12,13.06,5.64,181.15,1.24,88.71,1006.9,21.2,80.3,14.39,41.83,68.57,131.79,871.61,15.26,95.65,1.09,76.03,1010.6,54
42.12,1.66,16.58,89.93,16.02,115.77,1.33,85.24,988.79,42.65,2.05,3.16,23.87,28.72,33.28,17.13,79.84,1.03,74.18,990.04,23.6,26.44,14,4.48,32.98,39.85,29.99,11.35,174.69,4.22,79.88,1000.5,21.2,47.61,11.22,30.3,45,91.26,774.67,16.89,105.73,1.21,78,1007.9,54
28.53,1.22,11.49,90.84,14.58,89.71,1.44,88.44,989.01,36.58,0.28,3.72,21.39,27.09,32.61,16.19,61.3,1.12,75.85,990.18,23.6,17.93,12.07,3.11,20.74,25.52,35.66,12.27,173.95,5.64,79.3,997.12,21.2,75.29,15.83,40.69,63.35,125.36,987.91,15.99,94.83,1.33,80.94,1008.2,54
30.16,1.42,11.52,87.04,15.02,77,1.58,91,988.09,33.57,2.9,3.22,21.34,26.27,32.24,16.07,92.87,1.06,78.54,989.29,23.6,18.64,8.42,1.01,10.8,12.3,47.58,12.12,172.45,6.88,75.4,992.63,21.2,77.89,19.47,49.74,62.88,140.46,1096.9,15.62,123.23,1.04,84.91,1007.3,54
19.36,1.48,6.21,88.76,18.9,61.55,1.87,82.36,992.33,24.14,3.17,1.94,15.12,18.09,19.12,19.78,124.37,1.23,70.4,993.64,23.6,19.03,22.43,0.99,11.95,12.96,47.46,5.69,35,5.06,82.5,1000.1,21.2,41.89,1.79,27.21,42.6,87.27,764.48,20.34,78.06,1.38,75.86,1011.2,54
33.17,1.8,12.08,82.7,19.97,64.56,1.81,76.53,990.94,35.29,6.8,3,20.82,25.41,20.39,20.64,79.74,1.22,67.45,992.32,23.6,16.08,41.68,1.98,15.27,17.84,36.53,5.95,19.83,5.82,89.68,997,21.2,36.9,2.26,25.63,42.18,82.43,740.87,21.52,116.01,1.22,70.89,1009.6,54
26.83,2.05,9.53,80.88,19.04,34.18,2.65,88.67,988.5,55.16,19.36,7.21,26.04,36.77,17.3,19.55,144.37,1.34,78.21,989.61,23.6,19,38.41,1.11,14.38,15.62,40.97,5.08,34.12,4.27,86.2,993.14,21.2,36.93,2.37,20.89,44.08,76.88,727.59,20.5,93.66,1.25,83.03,1007,54
30.67,0.62,13.96,94.4,22.35,85.37,1.65,83.3,995.27,51.64,6.74,3.84,28.59,34.48,17.82,22.91,133.16,0.93,72.68,996.67,23.6,36.93,20.86,2.26,17.6,21.06,22.6,22.55,81.91,2.23,77.14,1000.6,21.2,46.55,1.17,27.34,35.04,76.51,789.17,24.26,128.86,1.02,74.2,1014,54
29.12,1.28,15.92,72.46,22.52,129.02,1.71,82.09,989,36.33,1.36,3.16,24.68,29.52,22.12,24.06,80.36,1.03,66.09,990.37,23.6,31.95,5.42,1.67,10.75,13.3,25.21,23.26,82.79,2.28,73.54,994.29,21.2,45.64,1.5,27.19,37.65,78.59,859.62,23.66,160.74,0.79,76.2,1007.7,54
31.22,1.18,3.9,102.14,21.37,48.1,2.63,83.12,984.61,35.49,2.78,1.86,15.05,17.91,23.58,22.2,83.35,1.64,71.11,985.81,23.6,21.69,17.63,0.99,10.37,11.89,28.26,21.92,25.84,5.63,75.46,989.82,21.2,42.42,1.74,30.95,40.27,88.8,886.32,23.2,78.77,1.66,74.64,1002.8,54
32.06,1.2,8.14,101.88,22.18,48.47,2.17,70.13,986.96,32.76,8.94,2.68,22.3,26.42,29.25,22.8,112.01,1.45,59.7,988.34,23.6,24.18,20.02,0.6,11.25,11.88,33.77,22.43,100.5,4.91,63.64,992.36,21.2,44.02,1.33,24.84,38.88,77.03,806.77,23.88,108.78,1.48,64.35,1005.1,54
28.21,1.24,14.51,78.88,22.08,78.26,1.49,71.98,987.12,50.95,21.44,4.21,32.05,38.5,22.61,22.41,135.05,1.1,61.91,988.5,23.6,28.73,19.71,2.17,16.58,19.98,27.37,21.64,65.74,3,67.02,992.54,21.2,41.81,1.78,31.08,47.05,97.49,834.46,23.32,104.83,1.07,66.44,1005.7,54
17.86,1.46,10.34,80.58,21.98,91.12,1.28,75.78,981.65,25.67,1.58,2.35,18.79,22.38,22.05,22.78,76.79,0.96,65.6,983.05,23.6,17.77,9.65,1.88,13.03,17.44,26.34,22.12,77.01,2.31,69.26,987.02,21.2,41.16,1.08,20.14,39.59,72.91,879.28,22.96,160.81,0.83,72.08,1000.3,54
21.34,1.29,4.94,83.52,22.65,118.82,1.59,84.56,982.96,34.87,3.66,1.37,13.2,15.31,22.75,24.35,91.65,1.26,65.47,984.33,23.6,15.46,7.63,1.26,8.77,12.24,26.98,23.72,94.4,2.62,71.25,988.27,21.2,31.5,2.95,15.16,35.15,60.5,663.05,25.49,154.94,0.8,66.43,1001.4,54
31.82,0.79,9.14,69.97,22.48,65.04,2.64,77.41,989.11,40.62,6.61,3.92,21.8,27.8,17.46,22.39,197.59,1.38,70.05,990.58,23.6,15.21,16.37,2.25,16.43,21.41,22.22,22.06,183.27,4.58,74.09,994.63,21.2,52.15,1.72,25.36,55.5,93,929.48,24.19,64.12,1.4,71.29,1007.5,54
28.3,0.7,8.16,79.25,23.22,46.56,2.38,73.95,992.5,34.11,10.4,2.84,21.57,25.92,22.34,23.37,152.52,1.31,65.09,993.89,23.6,18.47,22.2,1.65,15.44,19.49,28.27,22.99,146.17,4.59,69.26,997.95,21.2,43.3,1.04,23.56,47.1,83.09,820.13,24.77,82.01,1.19,69.82,1010.9,54
16.61,1.12,8.46,65.45,18.02,49.7,1.7,82.05,993.37,31.32,11.7,4.03,24.29,30.46,14.87,17.73,168.45,0.97,78.51,994.51,23.6,15.86,19.75,0.67,14.59,17.15,19.26,17.52,144.05,3.29,81.93,998.73,21.2,36.58,1.86,21.49,42.36,75.2,686.6,20.48,115.84,1.07,68.99,1011.9,54
15.6,0.88,6.88,79.27,19.71,48.02,2.24,72.45,992.52,22.21,10.66,3.05,21.48,26.15,23.76,19.71,103.24,1.37,67.64,993.79,23.6,15.54,26.39,1.09,15.04,18.24,27.62,19.32,34.57,4.53,71.96,997.9,21.2,31.75,2.62,21.44,41.3,74.13,679.71,22.07,111.14,1.24,62.29,1011.1,54
21.48,1.13,6.95,83.01,21.05,67.14,1.9,88.82,988.14,36.31,3.89,2.25,18.28,21.73,20.26,21.48,57.71,1.4,79.23,989.31,23.6,17.64,32.83,0.96,13.57,16.57,28.36,21.43,43.35,4.61,82.1,993.35,21.2,35.77,2.12,22.13,46.87,80.62,813.2,23.75,149.39,1.1,75.37,1006.4,54
33.72,13.66,38.4,77.99,20.91,139.03,1.66,84.27,981.92,34.75,3.2,2.34,21.33,25.21,20.09,20.45,123.97,1.21,80.79,983.35,23.6,21.02,19.73,1.31,17,20.77,24.6,20.27,117.57,3.08,83.97,987.38,21.2,32.19,1.65,16.26,34.3,58.86,690.05,21.78,182.36,0.78,82.37,1000.9,54
29.21,1.57,14.97,78.75,24.18,110.77,1.33,72.07,989.26,51.03,20.06,4.19,30.8,37.23,22.39,25.04,129.72,0.92,58.56,990.69,23.6,26.32,25.45,4.36,20.48,28.69,23.24,24.12,107.1,2.04,66.75,994.68,21.2,32.67,2.04,29.21,42.37,86.74,880.75,26.25,113.06,0.97,58.23,1007.6,54
25.85,1.4,15.99,64.23,23.54,93.8,1.23,79.95,987.62,35.91,4.34,3.04,25.18,29.84,19.73,23.95,95.97,0.9,69.68,989.05,23.6,29.86,12.25,6.62,17.08,28.76,20.71,22.97,61.42,2.03,76.62,993.07,21.2,30.75,1.5,26.96,37.44,79.83,677.08,25.06,105.24,0.87,67.3,1006.1,54
25.65,1.57,10.91,65.51,23,81.63,1.41,82.11,986.65,53.4,8.39,2.47,24.4,28.19,16.07,22.7,156.9,0.88,77.74,988.04,23.6,18.68,13.74,1.2,15.25,18.62,20.88,22.44,88.38,2.37,81.6,992.08,21.2,33.22,1.84,22.25,39.42,76.27,797.25,24.83,90.9,1.02,70.18,1005,54
20.17,1.27,12.01,68.04,23.27,64.25,1.45,83.44,989.47,35.87,8.52,3.48,26.78,32.11,16.26,23.91,117.67,1.02,72.94,990.86,23.6,24.83,19.93,5.7,18.9,29.18,19.11,23.13,80.37,2.83,79.25,994.9,21.2,25.18,2.81,35.51,46.7,102.64,824.28,25.7,80.3,1.14,70.84,1007.9,54
27.61,3.64,18.73,77.75,23.99,290.14,1.73,71.58,982.95,26.78,12.75,4.04,25.32,31.51,26.71,24.33,296.54,1.61,61.54,984.56,23.6,23.11,16.25,3.51,23.27,30.18,26.7,23.73,283.29,2.56,67.56,988.64,21.2,39.23,1.39,16.7,46,69.35,713.48,25.31,194.84,0.85,66.58,1001.5,54
26.6,5.79,16.89,84.23,24.16,274.39,2.15,64.26,983.17,26.43,3.75,2.5,20.25,24.07,31.02,24.61,261.24,1.61,54.66,984.92,23.6,17.17,11.63,2.53,21.56,26.97,28.92,23.82,241.29,3.19,60.99,988.97,21.2,32.94,1.17,15.17,38.04,61.11,688.46,25.73,180.41,1.16,56.98,1001.8,54
34.62,1.08,3.58,77.34,24.12,42.25,2.47,82.95,990.34,50.99,12.77,3.23,22.3,27.26,39.43,24.44,180.42,1.41,73.28,991.73,23.6,24.75,24.41,2.46,17.27,22.58,26.08,23.82,150.68,4.44,79.18,995.79,21.2,37.31,1.37,23.24,48.8,86.61,969.5,26.44,84.28,1.44,70.73,1008.4,54
34.17,1.22,1.44,85.12,25,44.96,2.34,80.02,990.31,55.8,12.52,2.7,21.69,25.82,43.8,25.21,94.84,1.42,70.91,991.57,23.6,29.67,32.08,1.17,14.89,18.22,31.51,24.85,55.34,5,75.85,995.59,21.2,41.68,2.17,22.58,49.92,87.21,994.28,27.15,115.6,1.2,67.33,1008.3,54
30.91,1.28,1.14,85.83,24.94,52.71,2.06,78.35,991.05,48.88,7.91,1.61,20.19,22.66,46.38,25.08,136.03,1.28,69.72,992.4,23.6,31.95,21.27,0.8,13.72,16.48,33.61,24.55,57.09,3.92,75.04,996.45,21.2,22.25,2.21,22.83,33.73,71.12,732.87,26.65,116.59,1.13,67.99,1009.2,54
27.22,0.88,4.22,77.78,25.1,41.76,2.04,75.43,991.47,51.97,19.49,3.56,29.51,33.51,44.15,25.68,98.99,1.15,65.05,992.8,23.6,34.22,46.79,1.72,20.86,25.02,32.15,25.08,39.92,3.68,70.91,996.82,21.2,27.03,1.64,22.28,40.1,74.01,864.91,26.86,91.26,1.22,67.81,1009.7,54
28.56,1.02,1.85,82.55,24.76,42.76,2.41,84.99,992.58,59.17,11.61,3.27,22.62,27.63,39.08,25.46,89.33,1.44,74.76,993.86,23.6,29.31,38.56,1.38,15.47,19.11,27.3,24.95,48.75,5.2,80.26,997.85,21.2,31.23,1.2,21.01,43.04,74.96,853.9,27.11,81.14,1.44,71.53,1010.6,54
28.92,1.23,0.14,76.94,24.39,47.08,2.28,73.83,996.09,51.14,21.08,3.51,26.47,31.85,44.42,24.37,106.45,1.41,67.03,997.38,23.6,23.59,44.77,1.49,17.63,21.45,30.01,23.97,48.58,4.63,71.46,1001.4,21.2,28.94,1.67,19.79,35.22,66.14,860.26,26.52,132.1,1.15,63.28,1014.2,54
31.71,1.08,1.52,70.05,23.85,61.72,1.94,61.4,995.19,42.52,15.31,2.95,24.4,28.97,45.38,23.76,97.17,1.29,58.02,996.66,23.6,23.22,54.14,2.1,21.48,26.24,29.49,23.25,60.45,3.88,62.35,1000.6,21.2,25.45,1.91,23.09,35.94,71.1,919.41,25.49,162,1,52.69,1013.5,54
26.3,1.02,2.81,67.06,22.57,42.71,2.13,65.59,994.42,39.19,12.69,2.41,24.06,27.75,43.77,22.44,202.64,1.26,62.3,995.72,23.6,16.19,17.84,1.88,16.78,21.2,28.1,21.68,123.47,3.46,68.02,999.86,21.2,25.61,1.52,26.56,36.19,76.79,886.71,23.92,79.83,1.14,57.59,1012.8,54
28.74,1.06,4.26,57.12,22.52,49.14,1.95,70.03,992.4,42.8,14.89,3.34,25.93,31.05,44.06,22.44,166.08,1.24,64.33,993.73,23.6,16.66,23.14,1.63,16.1,20.13,28.76,21.56,93.33,3.24,70.56,997.85,21.2,29.93,1.38,25.97,34.43,74.22,899.96,24.17,118.36,1.02,59.35,1010.8,54
34.22,1.25,0.9,82.35,24.39,44.02,2.24,79.47,988.38,48.66,7.64,3.17,23.99,28.3,42.29,24.44,149.08,1.37,71.82,989.77,23.6,28.38,31.19,2.22,18.43,23.36,28.62,23.99,99.22,3.92,76.87,993.82,21.2,37.81,1.26,27.43,41.28,74.73,806.82,26.18,105.74,1.19,68.1,1006.5,54
34.84,1.43,3.78,80.42,25.03,47.01,1.91,81.08,987.88,65.26,14.39,3.75,32.36,38.1,39.99,25.33,171.89,1.14,71.71,989.27,23.6,28.45,18.67,2.65,19.66,25.25,28,24.77,82.07,3.29,76.89,993.31,21.2,35.05,1.2,18.44,40.17,63.37,799.94,26.59,92.27,1.08,71.75,1006.1,54
38,1.21,1.62,78.8,25.08,37.14,2.42,78.29,989.01,55.46,8.87,2.9,21.47,25.91,41.81,25.61,154.63,1.32,69.93,990.29,23.6,31.59,20.18,1.98,13.3,17.86,29.37,25.14,133.53,4.3,75.06,994.32,21.2,31.69,1.28,32.34,49.79,89.64,892.07,26.7,68.78,1.56,73.17,1007.1,54
32.91,1.15,-1.92,88.29,25.54,39.04,2.29,79.03,991.17,52.66,5.16,2.17,17.13,20.45,43.84,25.96,129.72,1.39,69.66,992.31,23.6,21.17,12.22,0.97,8.65,11.67,31.21,25.58,91.82,4.83,74.53,996.37,21.2,33.64,1.37,28.25,47.05,81.25,817.74,27.63,128.27,1.18,63.88,1009,54
28.67,1.24,-2.79,80.1,24.17,51.82,2,74.33,990.33,36.75,1.52,2.12,15.44,18.55,45.43,24.32,118.09,1.29,67.96,991.59,23.6,16.06,3.68,0.86,7.53,10.38,32.17,23.85,36.54,4.13,72.75,995.66,21.2,33.82,1.43,25.7,39.88,71.31,850.28,25.96,120.65,1.1,63.64,1008.5,54
32.81,0.99,-4.1,83.05,24.16,43.91,2.2,82.6,991.39,40.63,0.56,1.44,12.44,14.65,43.86,24.2,116.9,1.36,73.94,992.62,23.6,17.72,3.46,0.84,8.07,10.9,30.01,23.76,46.35,4.25,79.13,996.71,21.2,35.64,1.61,21.24,35.71,61.06,761.26,25.85,132.09,1.09,71.13,1009.6,54
37.97,1.17,-4.61,91.38,24.28,46.52,2.23,82.58,988.93,47.23,1.2,1.21,11.62,13.48,46.65,24.45,118.11,1.4,73.88,990.19,23.6,22.2,3.51,0.93,7.44,10.39,33.42,24.12,63.13,4.07,78.89,994.33,21.2,32.55,1.95,20.43,35.28,59.15,760.11,25.78,125.97,1.1,74.72,1007.1,54
28.42,1.19,-1.53,76.18,23.93,63.33,1.62,80.88,987.59,41.85,1,1.5,14.54,16.84,44.06,24.46,130.18,1.09,71.62,988.89,23.6,20.06,3.22,0.98,9.44,12.47,29.76,23.76,64.76,2.66,76.5,992.98,21.2,31.18,1.24,26.54,40.54,74.92,797.9,26.14,101.48,1,69.22,1005.9,54
32.19,1.11,-0.72,73.81,24.61,39.93,2.5,83.14,986.84,47.63,6.58,3.47,22.87,28.18,42.33,24.66,174.24,1.32,74.77,988.14,23.6,19.52,13.51,2.05,16.66,21.33,25.06,24.34,140.39,4.08,79.43,992.11,21.2,39.71,1.42,27.53,45.36,83.07,710,26.48,85.86,1.41,75.06,1004.9,54
42.38,0.83,2.72,72.25,23.69,34.16,2.78,73.47,989.69,52.21,11.42,3.7,25.2,30.87,46.6,24.13,180.83,1.35,61.33,991.04,23.6,23.88,19.95,1.8,17.65,21.94,29.6,23.73,182.98,4.44,65.36,995.17,21.2,42.71,2.72,25.5,44.14,78.69,732.96,25.91,60.13,1.66,71.7,1007.9,54
38.66,0.64,3.03,65.68,23.24,48.98,2.21,79.62,991.68,59.26,7.79,3.07,23.74,28.44,48.54,24.04,188.08,1.22,66.08,992.96,23.6,29.38,13.68,1.52,14.96,18.83,31.36,23.44,185.4,4.09,70.99,997.1,21.2,39.94,3.06,24.41,42.01,74.92,734.24,25,73.58,1.35,74.7,1010,54
34.22,0.72,3.58,74.69,24.27,47.92,1.87,80.38,992.92,56.55,4.76,3.63,25.45,31.13,45.32,24.68,150.98,1.28,69.32,994.15,23.6,30.93,26.12,2.05,20.83,25.51,27.37,24.14,74.76,3.35,74.63,998.28,21.2,36.67,2.48,22.59,39.02,68.13,716.83,26.35,84.48,1.3,72.24,1011.2,54
33.36,1.04,2.01,86.18,24.81,43.35,2.09,69.71,992.64,47.04,6.12,2.8,24.27,28.57,53.66,25.28,124.5,1.3,60.46,993.9,23.6,33.33,35.98,2.05,20,24.68,34.33,24.63,77.06,3.63,65.19,998.01,21.2,32.45,2.11,34.08,45.54,90.88,873.36,26.57,76.28,1.49,69.7,1010.9,54
54.03,1.17,0.07,87.25,24.69,42.59,2.14,79.87,992.65,70.26,5.32,1.9,18.33,21.25,51.23,25.56,122.58,1.31,67.63,993.82,23.6,30.66,21.65,1.2,13.95,17.33,32,25.11,28.5,4.19,72.28,997.89,21.2,28.84,1.32,17.65,31.08,49.1,678.42,26.65,63.32,1.68,73.6,1010.8,54
51.27,1,1.58,70.14,24.33,52.41,1.83,85.13,990.02,71.48,2.97,3.08,20.54,25.06,44.12,24.89,106.42,1.2,74.78,991.19,23.6,36.67,13.1,1.67,11.64,15.73,26.83,24.42,69.26,3.37,79.8,995.33,21.2,29.69,1.13,14.89,30.92,42.59,777.89,26.44,97.51,1.15,75.06,1008.3,54
31.16,1,24.83,70.63,21.36,195.26,1.45,75.15,985.97,34.32,6.99,4.51,33.97,40.44,44.34,21.58,258.75,1.35,69.81,987.35,23.6,24.73,13.87,4.26,24.76,32.83,25.38,21.23,239.25,2.27,73.36,991.56,21.2,30.93,1.83,13.06,31.07,40.4,692.66,22.87,110.93,1.17,68.28,1004.5,54
19.82,1.06,3.98,72.38,20.47,51.61,2.37,88.24,992.11,50.93,21.72,4.24,31.24,37.74,42.58,20.09,197.44,1.44,80.57,993.39,23.6,22.14,33.39,2.61,22.22,27.76,22.67,19.85,133.04,4.17,85.26,997.53,21.2,39.75,2.51,25.32,45.86,75.61,740.13,21.62,77.53,1.31,80.2,1010.4,54
18.31,1.67,19.22,78.11,19.9,110.81,1.71,84.1,991.05,25.46,4.93,3.39,28.74,33.93,52.15,20.5,247.42,1.34,77.25,992.38,23.6,11.98,11.28,1.99,20.03,24.6,31,20.36,255.14,2.64,81.03,996.6,21.2,48.9,1.98,21.33,38.72,58.74,782.13,20.85,91.09,1.29,83,1009.7,54
42.29,4.86,44.35,66.04,22.23,229.75,1.35,70.45,993.42,43.2,27.06,4.01,37.37,43.53,49.57,22.21,205.98,1.04,64.35,994.87,23.6,25.35,39.42,6.41,30.64,42,27.48,21.89,183.75,1.9,69.08,999.05,21.2,49.2,1.62,22.14,36.62,61.65,792.27,22.08,183.24,0.43,74.98,1012.4,54
51.23,5.94,27.2,54.08,21.75,138.7,1.45,79.28,996.35,42.14,5.76,2.97,27.59,32.14,49.85,22.25,184.32,1.17,69.91,997.64,23.6,22.12,18.26,2.91,21.69,27.68,26.25,21.73,154,2.44,75.98,1001.8,21.2,44.15,1.66,16.68,35.72,53.92,683.45,22.58,106.34,0.8,75.28,1015.1,54
21.37,0.75,2.45,67.59,20.42,50.87,1.99,80.4,999.64,32.96,9.66,3.85,24.54,30.44,47.03,20.83,85.08,1.25,72.18,1000.7,23.6,28.7,53.38,2.63,20.96,26.52,26.6,20.62,46.98,3.8,76.2,1005,21.2,45.7,1.28,26.02,39.02,70.05,815.36,22.11,152.67,1.02,71.18,1018.3,54
17.43,0.57,3.61,60.01,19.09,39.18,2.07,71.82,999.2,44.83,43.64,5.46,34.7,43.07,43.1,19.17,122.2,1.21,66.94,1000.3,23.6,29.27,73.13,2.51,26.87,32.26,25.13,18.64,55.87,3.82,71.78,1004.6,21.2,29.2,2.64,31.24,42.66,82.48,729.74,20.72,116.24,1.1,67.58,1017.8,54
19.53,0.83,1.81,70.13,19.36,51.52,2.03,74.77,998.33,48.42,33.25,4.56,30.89,37.88,46.33,19.22,127.26,1.29,69.41,999.36,23.6,26.76,61.1,3.32,26.49,33.12,26.27,18.84,69.4,3.91,73.69,1003.6,21.2,28.99,3.02,24.52,41.8,70.82,663.58,20.86,143.55,1.08,68.33,1016.8,54
25.27,1.3,4.59,76.11,19.46,53.27,2,77.97,996.36,30.14,9.11,4.13,29.85,36.18,46.91,19.01,181.26,1.16,72.84,997.56,23.6,16.18,27.9,3.58,23.61,30.64,27.73,18.59,139.64,3.15,77.41,1001.8,21.2,33.07,2.05,23.98,45.54,74.81,818.24,20.97,152.69,0.9,70.33,1014.9,54
30.82,1.12,10.33,74.22,20.57,76.16,1.29,84.13,994.41,57.93,15.77,4.37,33.19,39.89,45.28,20.6,162.46,0.94,75.82,995.56,23.6,31.98,15.46,4.12,22.78,30.63,24.94,19.89,133.32,1.94,81.2,999.84,21.2,34.85,1.63,28.09,44.04,80.9,875.13,21.76,125.95,0.68,76.85,1013.1,54
46.04,1.86,5.87,55.06,14.3,35.1,3.42,75.54,999.61,47.95,8.79,5.54,23.63,32.12,41.29,14.73,255.55,1.79,65.97,1000.5,23.6,24.98,10.84,2.76,15.89,21.66,23.81,14.57,300.72,6.19,69.22,1005.1,21.2,24.95,1.31,31.18,38.57,77.21,783.17,16.44,48.21,2.46,72.16,1018.2,54
12.66,1.47,4.6,69.57,15.28,50.78,2.01,77.76,998.37,28.22,24.76,4.69,27.43,34.62,45.04,15.61,81.14,1.51,69.6,999,23.6,18.36,51.49,1.59,20.3,24.26,26.89,15.25,39.98,4.43,73.91,1003.5,21.2,37.76,2.56,22.71,43.46,69.22,959.2,17.72,97.7,1.42,69.58,1017,54
30.15,1.28,2.86,68.79,16.39,42.74,2.49,96.57,999,21.87,14.67,4.32,23.68,30.3,41.64,16.92,120.14,1.35,88.55,999.93,23.6,4.57,34.12,2.8,19.4,25.24,23.21,16.97,94.94,4.96,94.03,1004.3,21.2,12.26,0.93,30.04,33.43,69.85,941.71,18.36,106.84,1.23,89.38,1017.7,54
34.75,1.42,1.83,72.43,16.49,38.48,2.71,88.37,1000.1,18.9,17.18,3.95,19.82,25.88,43.55,16.47,147.61,1.47,80.97,1000.8,23.6,8.91,29.7,2.28,16.88,21.91,24.95,16.38,190.12,5.53,84.91,1005.3,21.2,18.08,1.62,27.59,33.42,64.02,857.77,17.92,61.98,1.78,81.42,1018.5,54
29.71,1.6,0.95,66.54,15.96,37.65,2.59,93.29,999.49,27.13,7.58,3.04,15.42,20.07,40.82,15.68,185.97,1.41,87.01,1000.3,23.6,8.65,9.18,2.19,11.51,16.37,22.53,15.63,229.78,4.64,91.16,1004.8,21.2,23.84,1.96,38.54,33.38,82.99,979.04,17.29,59.73,1.58,84.21,1018.1,54
29.81,1.91,7.88,69.76,15.94,46.84,1.63,92.85,998.64,22.86,16.9,5.69,28.44,37.36,41.59,15.74,145.8,1.07,86.13,999.49,23.6,7.78,29.56,3.08,22.27,29,22.75,15.75,122.7,3.64,89.68,1003.9,21.2,42.22,1.28,44.67,47.73,109.58,994.31,17.2,80.99,1.28,85.18,1017.3,54
33.41,1.94,14.81,69.03,16.02,40.5,1.61,92.6,998.58,40.98,21.66,5.93,29.11,38.21,39.89,16.01,186.63,1.06,85.11,999.55,23.6,13.82,45.83,2.71,24.84,30.52,21.2,15.84,111.78,3.15,90.24,1004,21.2,37.95,3.16,34.68,43.19,86.74,830.05,17.58,92.73,1.08,84.34,1017.5,54
37.61,2.34,7.22,72.09,16.21,56.46,1.95,93.4,996.58,22.95,10.82,7.27,21.69,32.83,39.74,16.37,188.02,1.25,84.79,997.49,23.6,13.64,21.59,3.32,17.83,24.47,25.92,16.29,171.29,4.13,89.68,1001.9,21.2,26.43,1.47,26.76,39.29,76.96,579.01,18.02,60.82,1.52,83.65,1015.2,54
27.22,1.16,3.83,70.48,14.86,57.53,1.96,88.35,1003.8,22.26,3.06,3.4,18.59,23.79,58.76,15.13,72.3,1.32,79.82,1004.8,23.6,9.9,28.67,1.73,15.55,19.74,32.64,14.94,39.58,3.54,84.19,1009.2,21.2,53.36,2.44,29.6,35.67,68.54,989.12,16.31,158.03,1.07,78.59,1023,54
23.29,1.04,2.44,65.13,14.98,54.96,2.03,83.12,1002.8,16.01,2.95,2.89,16.89,21.11,59.19,15.18,53.05,1.69,74.37,1003.8,23.6,7.27,33.07,1.42,15.9,19.61,32.58,15.2,30.68,4.55,77.56,1008.2,21.2,54.78,1.21,40.86,37.92,88.8,937.01,16.62,155.59,1.1,72.29,1021.9,54
22.5,1.31,3.25,63.46,14.41,54.68,1.86,85.48,999.78,11.82,7.29,3.09,20.21,24.83,58.4,14.64,71.73,1.38,76.37,1000.7,23.6,9.55,26.88,1.32,16.06,19.77,32.75,14.6,34.77,3.72,79.82,1005.1,21.2,47.96,10.73,31.37,37.23,74.76,826.95,16.07,150.69,0.94,74.07,1018.8,54
28.73,1.71,8.13,45.07,13.93,68.66,1.45,89.73,998.59,28.55,8.25,6.82,23.61,34.06,47.07,13.69,145.6,1.15,81.7,999.59,23.6,7.17,22.18,3.16,18.72,25.09,23.69,13.7,137.13,3.04,85.19,1004,21.2,35.24,7.92,31.09,26.85,66.9,781.44,15.36,142.37,0.72,78.62,1017.7,54
20.75,1.54,12.18,41.4,13.09,59.71,1.39,88.89,999.07,11.02,15.24,5.79,25.6,34.47,47.04,12.99,60.39,1.22,80.82,999.92,23.6,7.36,54.09,2.35,24.51,29.64,22.76,13.1,36.06,3.36,84.11,1004.4,21.2,32.69,7.92,38.97,35.23,90.07,875.63,14.45,133.52,0.75,75.32,1018.2,54
18.77,1.78,10.74,51.79,12.42,43.93,1.69,85.56,998.02,15.26,25.84,6.61,28.1,38.7,47.21,12.67,130.82,1.22,76.44,998.94,23.6,7.53,55.83,4.13,27.15,35.02,21,12.41,81.64,3.3,81.01,1003.4,21.2,58.24,16.66,52.99,43.2,119.28,1417.2,13.83,95.3,1.09,77.97,1017.1,54
18,2.12,12.65,47.71,12.82,50.16,1.41,89.05,997.28,17.55,16.47,5.05,26.74,34.48,48.89,12.79,69.03,1.18,81.29,998.1,23.6,10.8,67.29,3.97,31.2,38.82,18.36,12.41,36.47,2.58,86.58,1002.6,21.2,46.64,9.44,43.24,34.76,94.9,1023.6,14.06,147.15,0.82,80.35,1016.3,54
17.5,4.21,15.9,46.76,9.04,46.47,2.08,73.44,1002,15.78,27.3,5.89,23.78,32.81,51.83,9.14,192.98,1.3,66.64,1002.8,23.6,5.41,23.78,2.32,17.39,22.49,24.37,8.95,197.02,4.49,70.4,1007.4,21.2,33.16,2.86,23.22,33.15,58.75,738.83,10.4,68.95,1.35,70.98,1021.5,54
22.11,10.45,17.42,31.86,5.3,91.52,2.96,90.02,1000.6,11.65,7,7.33,17.99,29.23,40.17,5.25,280.01,1.97,82.25,1001.5,23.6,3.16,5.36,3.5,15.06,21.96,14.75,5.21,299.67,4.74,87.99,1006.4,21.2,29.2,2.42,27.48,32.7,62.81,940.32,7.4,52.47,2.28,83.27,1020.2,54
19.61,1.15,12.01,32.25,5.63,33.38,2.46,94.06,1003.3,14.48,24.35,8.04,22.13,34.46,36.66,5.6,193.35,1.51,85.62,1004,23.6,10.5,14.9,2.52,15.9,21.3,13.42,5.51,160.61,4.98,90.08,1008.8,21.2,31.35,1.94,36.05,36.29,76.37,965.53,8.35,84.78,1.39,83.7,1023,54
11.21,1.06,3.1,41.14,8.95,75.35,1.95,96.81,998.28,18.43,5.05,3.55,13.44,18.88,48.58,9.38,43.1,2.13,87.2,998.61,23.6,7.29,11.34,1.42,10.44,14.14,20.16,9.54,38.4,5.69,90.64,1003.4,21.2,37.09,4.52,38.06,34.37,76.72,956.51,10.75,177.57,0.96,88.8,1017.8,54
16.84,1.17,13.11,28.3,8.63,113.96,1.28,98.93,997.44,13.58,6.05,6.26,18.13,27.73,40.56,9.18,41.28,1.52,91.53,998,23.6,9.51,5.55,1.22,10.1,13.51,17.32,9.23,44.65,3.78,96.18,1002.7,21.2,33.38,10.17,41.6,37.53,88.17,1081.7,10.45,102.61,1.03,89.77,1017,54
11.9,1.85,5.16,43.07,9.74,36.06,3.56,97.04,993.34,16.16,19.28,4.74,16.59,23.85,45.45,10.13,59.43,2.32,86.95,993.94,23.6,13.15,31.17,2.08,14.77,19.49,19.68,10.19,26.92,7.57,91.09,998.42,21.2,27.48,8.48,28.98,35.18,66.45,1050,11.51,72.7,1.57,91.25,1012.4,54
27.38,7.1,17.59,47.47,6.09,59.47,2.54,90.82,1001.4,16.45,12.18,5.86,18.83,27.82,47.44,6.18,231.74,1.74,81.89,1002.2,23.6,15,11.86,1.35,13.42,17.03,21.66,6.09,259.33,5.79,86.45,1006.9,21.2,26.63,4.9,28.46,33.56,64,1059.4,8.88,54.96,1.71,81.18,1020.9,54
25.58,3.17,20.14,47.23,6.54,47.58,1.83,90.22,1002.5,17.34,27.2,8.82,30.05,43.57,43.29,6.74,164.3,1.33,81.49,1003.1,23.6,22.37,26.83,3.87,21,28.47,19.78,6.57,126.98,3.87,85.93,1007.9,21.2,29.52,5.34,38.36,36.95,81.54,1045.6,9.2,82.92,1.3,77.1,1022,54
65.48,23.76,63.15,46.08,10.74,183.2,2.93,97.62,986.84,16.87,25.19,10.55,33.19,49.37,35.23,11.13,119.46,1.09,88.49,987.85,23.6,31,12.94,4.89,25.34,34.36,11.02,11.33,153.1,4.24,91.16,992.29,21.2,24.21,10.84,36.42,34.82,75.75,881.46,13.11,190.36,1.19,83.72,1006.8,54
75.32,48.23,84.08,46.8,14.98,173.2,1.89,93.71,984.61,13.83,29.66,9.99,33.14,46.84,38.4,14.93,148.53,1.16,85.98,985.74,23.6,15.51,10.07,4.95,24.55,33.67,14.07,15.24,160.04,4.46,87.91,990.05,21.2,26.93,19.4,45.28,31.04,85.72,1024,15.8,172.16,1.02,85.86,1004.2,54
22.38,8.58,26.3,42.95,8.16,78.72,4.06,97.79,986.99,15.32,10.78,6.54,17.77,27.8,40.78,9.21,78.9,2.43,90.09,987.56,23.6,8.61,13.1,2.45,14.22,19.51,16.32,8.91,73.79,8.74,95.72,991.88,21.2,31.72,16.39,42.62,25.68,77.41,943.95,10.92,105.55,2.04,90.7,1006.4,54
8.46,0.85,10.82,58.36,2.74,33.68,4.7,97.7,1000.6,6.51,15.24,4.18,13.39,20.18,50.26,2.83,99.14,3.14,87.68,1000.9,23.6,4.16,14.33,1.41,11.76,15.46,23.98,2.83,74.65,10.93,95.91,1005.7,21.2,30.07,13.67,44.43,26.21,79.81,1000.3,5.64,48,3.41,84.3,1019.8,54
12.92,1.18,15.72,55.6,1.53,28.66,4.05,97.67,998.76,14.38,13.28,5.92,15.47,24.55,46.86,1.48,206.17,2.51,88.94,999.5,23.6,6.22,9.87,2.11,11.94,16.83,22.31,1.51,241.82,9.16,93.14,1004.4,21.2,18.93,11.31,25.03,24.24,49.23,942.45,4.82,47.93,2.98,85.45,1018.4,54
24.49,0.93,31.9,34.43,-0.02,85.28,1.38,93.95,999.31,24.95,36.12,15.06,36,60.88,35.86,0.56,125.87,1.04,84.25,1000.2,23.6,8.88,24.23,4.88,22.49,31.51,15.63,0.34,135.51,2.46,89.53,1005.2,21.2,32.03,17.57,46.7,33.32,91.82,1355.2,2.61,71.28,1.06,84.13,1020,54
23.97,1.16,25.68,32.17,7.26,39.3,1.76,98.02,995.38,19.06,23.8,12.27,32.28,52.05,35.72,7.03,213.59,1.24,90.17,996.11,23.6,5.41,29.07,4.28,24.29,32.39,14.31,6.9,128.68,2.65,95.35,1000.9,21.2,58.99,39.41,74.01,33.27,138.32,2027.5,9.26,89.1,0.84,90.97,1014.8,54
20.34,2.38,18.49,54.32,7.09,29.84,2.99,99.25,992.05,17.69,8.3,5.24,20.11,27.77,42.18,7.21,272.2,1.75,93.71,992.82,23.6,10.22,7.18,2.08,14.34,19.06,18.31,7.27,343,6.19,98.03,997.54,21.2,34.79,10.17,45.64,32.02,91.88,932.63,9.25,50.75,2.29,91.95,1011.2,54
15.47,3.02,13.25,60.07,3.66,27.48,4.19,79.12,997.99,11.2,5.9,4.5,14.49,21.38,49.61,3.5,287.36,2.51,74.8,998.75,23.6,8.04,3.38,1.94,11.04,15.55,25.38,3.58,337.67,8.65,79.85,1003.6,21.2,34.76,20.74,31.59,32.15,76.79,1116.3,5.58,45.99,3.36,73.43,1017.5,54
36,14.31,65.63,40.69,2.32,116.34,1.79,69.66,999.64,12.77,10.11,11.51,30.57,48.19,42.29,2.37,243.22,1.19,66.86,1000.8,23.6,7.06,5.66,8.6,23.37,38.09,20.07,2.12,250.35,2.29,71.6,1005.6,21.2,57.36,63.89,41.83,36.7,98.73,1933.2,3.91,76.17,1.19,65.97,1020.2,54
30.88,32.43,62.42,35.46,3.46,172.94,1.64,87.84,993.3,12.84,27.91,16.59,38.93,64.37,42.6,3.78,220.24,1.2,79.83,994.43,23.6,5.96,30.36,18.1,35.27,64.55,10.92,3.61,188.49,2.99,83.98,999.16,21.2,23.96,18.49,52.04,30.78,98.15,847.11,4.58,153.02,1.31,83.09,1013.7,54
